use W_PECOLY;

DELETE FROM CATEGORY_LIST;
DELETE FROM ITEM_01_LIST;
DELETE FROM ITEM_02_LIST;
DELETE FROM ITEM_03_LIST;
DELETE FROM ITEM_04_LIST;
DELETE FROM RECORD_LIST;

INSERT INTO CATEGORY_LIST VALUES(1, '項目', 1, NULL);
INSERT INTO CATEGORY_LIST VALUES(2, 'ひろと / みほ', 1, NULL);
INSERT INTO CATEGORY_LIST VALUES(3, '通常 / 特別', 0, NULL);
INSERT INTO CATEGORY_LIST VALUES(4, '財布', 1, NULL);


INSERT INTO ITEM_01_LIST VALUES(1, '');
INSERT INTO ITEM_01_LIST VALUES(2, '給与');
INSERT INTO ITEM_01_LIST VALUES(3, '家賃');
INSERT INTO ITEM_01_LIST VALUES(4, '食費');
INSERT INTO ITEM_01_LIST VALUES(5, '生活費');
INSERT INTO ITEM_01_LIST VALUES(6, '医療費');
INSERT INTO ITEM_01_LIST VALUES(7, '小遣い');
INSERT INTO ITEM_01_LIST VALUES(8, '電気代');
INSERT INTO ITEM_01_LIST VALUES(9, 'ガス代');
INSERT INTO ITEM_01_LIST VALUES(10, '水道代');
INSERT INTO ITEM_01_LIST VALUES(11, 'その他');
INSERT INTO ITEM_01_LIST VALUES(12, '特別支出');
INSERT INTO ITEM_01_LIST VALUES(13, '臨時収入');

INSERT INTO ITEM_02_LIST VALUES(1, '');
INSERT INTO ITEM_02_LIST VALUES(2, 'ひろと');
INSERT INTO ITEM_02_LIST VALUES(3, 'みほ');

INSERT INTO ITEM_03_LIST VALUES(1, '');
INSERT INTO ITEM_03_LIST VALUES(2, '通常');
INSERT INTO ITEM_03_LIST VALUES(3, '特別');
INSERT INTO ITEM_03_LIST VALUES(4, '集計対象外');

INSERT INTO ITEM_04_LIST VALUES(1, '');
INSERT INTO ITEM_04_LIST VALUES(2, '家');
INSERT INTO ITEM_04_LIST VALUES(3, 'ひろと');
INSERT INTO ITEM_04_LIST VALUES(4, 'みほ');

-- 2011-08 ひろと
INSERT INTO RECORD_LIST(RECORD_DATE, ITEM_01_ID, ITEM_02_ID, ITEM_03_ID, ITEM_04_ID, AMOUNT, PLUS_MINUS, COMMENT, UPDATE_DATE) VALUES('2011-08-24',  2, 2, 2, 2, 233094,  1, '給与', '2013-08-01');
INSERT INTO RECORD_LIST(RECORD_DATE, ITEM_01_ID, ITEM_02_ID, ITEM_03_ID, ITEM_04_ID, AMOUNT, PLUS_MINUS, COMMENT, UPDATE_DATE) VALUES('2011-08-24',  3, 2, 2, 2,  70000, -1, '家賃', '2013-08-01');
INSERT INTO RECORD_LIST(RECORD_DATE, ITEM_01_ID, ITEM_02_ID, ITEM_03_ID, ITEM_04_ID, AMOUNT, PLUS_MINUS, COMMENT, UPDATE_DATE) VALUES('2011-08-24', 11, 2, 2, 2,   9876, -1, 'コミュファ', '2013-08-01');

-- 2011-09 ひろと
INSERT INTO RECORD_LIST(RECORD_DATE, ITEM_01_ID, ITEM_02_ID, ITEM_03_ID, ITEM_04_ID, AMOUNT, PLUS_MINUS, COMMENT, UPDATE_DATE) VALUES('2011-09-24',  2, 2, 2, 2, 312200,  1, '給与', '2013-08-01');
INSERT INTO RECORD_LIST(RECORD_DATE, ITEM_01_ID, ITEM_02_ID, ITEM_03_ID, ITEM_04_ID, AMOUNT, PLUS_MINUS, COMMENT, UPDATE_DATE) VALUES('2011-09-24',  3, 2, 2, 2,  70000, -1, '家賃', '2013-08-01');

-- 2011-10 ひろと
INSERT INTO RECORD_LIST(RECORD_DATE, ITEM_01_ID, ITEM_02_ID, ITEM_03_ID, ITEM_04_ID, AMOUNT, PLUS_MINUS, COMMENT, UPDATE_DATE) VALUES('2011-10-24',  2, 2, 2, 2, 295332,  1, '給与', '2013-08-01');
INSERT INTO RECORD_LIST(RECORD_DATE, ITEM_01_ID, ITEM_02_ID, ITEM_03_ID, ITEM_04_ID, AMOUNT, PLUS_MINUS, COMMENT, UPDATE_DATE) VALUES('2011-10-24',  3, 2, 2, 2,  70000, -1, '家賃', '2013-08-01');

-- 2011-11 ひろと
INSERT INTO RECORD_LIST(RECORD_DATE, ITEM_01_ID, ITEM_02_ID, ITEM_03_ID, ITEM_04_ID, AMOUNT, PLUS_MINUS, COMMENT, UPDATE_DATE) VALUES('2011-11-24',  2, 2, 2, 2, 294694,  1, '給与', '2013-08-01');
INSERT INTO RECORD_LIST(RECORD_DATE, ITEM_01_ID, ITEM_02_ID, ITEM_03_ID, ITEM_04_ID, AMOUNT, PLUS_MINUS, COMMENT, UPDATE_DATE) VALUES('2011-11-24',  4, 2, 2, 2,  42192, -1, '食費', '2013-08-01');
INSERT INTO RECORD_LIST(RECORD_DATE, ITEM_01_ID, ITEM_02_ID, ITEM_03_ID, ITEM_04_ID, AMOUNT, PLUS_MINUS, COMMENT, UPDATE_DATE) VALUES('2011-11-24',  5, 2, 2, 2,  25435, -1, '生活費', '2013-08-01');
INSERT INTO RECORD_LIST(RECORD_DATE, ITEM_01_ID, ITEM_02_ID, ITEM_03_ID, ITEM_04_ID, AMOUNT, PLUS_MINUS, COMMENT, UPDATE_DATE) VALUES('2011-11-24',  7, 2, 2, 2,  35000, -1, '小遣い', '2013-08-01');
INSERT INTO RECORD_LIST(RECORD_DATE, ITEM_01_ID, ITEM_02_ID, ITEM_03_ID, ITEM_04_ID, AMOUNT, PLUS_MINUS, COMMENT, UPDATE_DATE) VALUES('2011-11-24', 11, 2, 2, 2,  11960, -1, '写真', '2013-08-01');

-- 2011-12 ひろと
INSERT INTO RECORD_LIST(RECORD_DATE, ITEM_01_ID, ITEM_02_ID, ITEM_03_ID, ITEM_04_ID, AMOUNT, PLUS_MINUS, COMMENT, UPDATE_DATE) VALUES('2011-12-24',  2, 2, 2, 2, 294694,  1, '給与', '2013-08-01');
INSERT INTO RECORD_LIST(RECORD_DATE, ITEM_01_ID, ITEM_02_ID, ITEM_03_ID, ITEM_04_ID, AMOUNT, PLUS_MINUS, COMMENT, UPDATE_DATE) VALUES('2011-12-24',  4, 2, 2, 2,  30168, -1, '食費', '2013-08-01');
INSERT INTO RECORD_LIST(RECORD_DATE, ITEM_01_ID, ITEM_02_ID, ITEM_03_ID, ITEM_04_ID, AMOUNT, PLUS_MINUS, COMMENT, UPDATE_DATE) VALUES('2011-12-24',  5, 2, 2, 2,  33232, -1, '生活費', '2013-08-01');
INSERT INTO RECORD_LIST(RECORD_DATE, ITEM_01_ID, ITEM_02_ID, ITEM_03_ID, ITEM_04_ID, AMOUNT, PLUS_MINUS, COMMENT, UPDATE_DATE) VALUES('2011-12-24',  7, 2, 2, 2,  35000, -1, '小遣い', '2013-08-01');
INSERT INTO RECORD_LIST(RECORD_DATE, ITEM_01_ID, ITEM_02_ID, ITEM_03_ID, ITEM_04_ID, AMOUNT, PLUS_MINUS, COMMENT, UPDATE_DATE) VALUES('2011-12-24',  8, 2, 2, 2,  12590, -1, '電気代', '2013-08-01');
INSERT INTO RECORD_LIST(RECORD_DATE, ITEM_01_ID, ITEM_02_ID, ITEM_03_ID, ITEM_04_ID, AMOUNT, PLUS_MINUS, COMMENT, UPDATE_DATE) VALUES('2011-12-24',  9, 2, 2, 2,   7951, -1, 'ガス代', '2013-08-01');
INSERT INTO RECORD_LIST(RECORD_DATE, ITEM_01_ID, ITEM_02_ID, ITEM_03_ID, ITEM_04_ID, AMOUNT, PLUS_MINUS, COMMENT, UPDATE_DATE) VALUES('2011-12-24', 11, 2, 2, 2,   7980, -1, '食器乾燥機', '2013-08-01');
INSERT INTO RECORD_LIST(RECORD_DATE, ITEM_01_ID, ITEM_02_ID, ITEM_03_ID, ITEM_04_ID, AMOUNT, PLUS_MINUS, COMMENT, UPDATE_DATE) VALUES('2011-12-24', 12, 2, 2, 2,  20000, -1, '入園料', '2013-08-01');
INSERT INTO RECORD_LIST(RECORD_DATE, ITEM_01_ID, ITEM_02_ID, ITEM_03_ID, ITEM_04_ID, AMOUNT, PLUS_MINUS, COMMENT, UPDATE_DATE) VALUES('2011-12-24', 12, 2, 2, 2,  13000, -1, '固定資産税', '2013-08-01');
INSERT INTO RECORD_LIST(RECORD_DATE, ITEM_01_ID, ITEM_02_ID, ITEM_03_ID, ITEM_04_ID, AMOUNT, PLUS_MINUS, COMMENT, UPDATE_DATE) VALUES('2011-12-24', 12, 2, 2, 2,  68183, -1, '生命保険', '2013-08-01');

-- 2012-01 ひろと
INSERT INTO RECORD_LIST(RECORD_DATE, ITEM_01_ID, ITEM_02_ID, ITEM_03_ID, ITEM_04_ID, AMOUNT, PLUS_MINUS, COMMENT, UPDATE_DATE) VALUES('2012-01-24',  2, 2, 2, 2, 327670,  1, '給与', '2013-08-01');
INSERT INTO RECORD_LIST(RECORD_DATE, ITEM_01_ID, ITEM_02_ID, ITEM_03_ID, ITEM_04_ID, AMOUNT, PLUS_MINUS, COMMENT, UPDATE_DATE) VALUES('2012-01-24',  4, 2, 2, 2,  32522, -1, '食費', '2013-08-01');
INSERT INTO RECORD_LIST(RECORD_DATE, ITEM_01_ID, ITEM_02_ID, ITEM_03_ID, ITEM_04_ID, AMOUNT, PLUS_MINUS, COMMENT, UPDATE_DATE) VALUES('2012-01-24',  5, 2, 2, 2,  28169, -1, '生活費', '2013-08-01');
INSERT INTO RECORD_LIST(RECORD_DATE, ITEM_01_ID, ITEM_02_ID, ITEM_03_ID, ITEM_04_ID, AMOUNT, PLUS_MINUS, COMMENT, UPDATE_DATE) VALUES('2012-01-24',  6, 2, 2, 2,   9300, -1, '医療費', '2013-08-01');
INSERT INTO RECORD_LIST(RECORD_DATE, ITEM_01_ID, ITEM_02_ID, ITEM_03_ID, ITEM_04_ID, AMOUNT, PLUS_MINUS, COMMENT, UPDATE_DATE) VALUES('2012-01-24',  7, 2, 2, 2,  35000, -1, '小遣い', '2013-08-01');
INSERT INTO RECORD_LIST(RECORD_DATE, ITEM_01_ID, ITEM_02_ID, ITEM_03_ID, ITEM_04_ID, AMOUNT, PLUS_MINUS, COMMENT, UPDATE_DATE) VALUES('2012-01-24', 11, 2, 2, 2,   4231, -1, 'ワットチェッカー', '2013-08-01');
INSERT INTO RECORD_LIST(RECORD_DATE, ITEM_01_ID, ITEM_02_ID, ITEM_03_ID, ITEM_04_ID, AMOUNT, PLUS_MINUS, COMMENT, UPDATE_DATE) VALUES('2012-01-24', 12, 2, 2, 2, 110000, -1, '市民税', '2013-08-01');

-- 2012-02 ひろと
INSERT INTO RECORD_LIST(RECORD_DATE, ITEM_01_ID, ITEM_02_ID, ITEM_03_ID, ITEM_04_ID, AMOUNT, PLUS_MINUS, COMMENT, UPDATE_DATE) VALUES('2012-02-24',  2, 2, 2, 2, 294694,  1, '給与', '2013-08-01');
INSERT INTO RECORD_LIST(RECORD_DATE, ITEM_01_ID, ITEM_02_ID, ITEM_03_ID, ITEM_04_ID, AMOUNT, PLUS_MINUS, COMMENT, UPDATE_DATE) VALUES('2012-02-24',  4, 2, 2, 2,  41000, -1, '食費', '2013-08-01');
INSERT INTO RECORD_LIST(RECORD_DATE, ITEM_01_ID, ITEM_02_ID, ITEM_03_ID, ITEM_04_ID, AMOUNT, PLUS_MINUS, COMMENT, UPDATE_DATE) VALUES('2012-02-24',  5, 2, 2, 2,  17509, -1, '生活費', '2013-08-01');
INSERT INTO RECORD_LIST(RECORD_DATE, ITEM_01_ID, ITEM_02_ID, ITEM_03_ID, ITEM_04_ID, AMOUNT, PLUS_MINUS, COMMENT, UPDATE_DATE) VALUES('2012-02-24',  6, 2, 2, 2,   5500, -1, '医療費', '2013-08-01');
INSERT INTO RECORD_LIST(RECORD_DATE, ITEM_01_ID, ITEM_02_ID, ITEM_03_ID, ITEM_04_ID, AMOUNT, PLUS_MINUS, COMMENT, UPDATE_DATE) VALUES('2012-02-24',  7, 2, 2, 2,  35000, -1, '小遣い', '2013-08-01');
INSERT INTO RECORD_LIST(RECORD_DATE, ITEM_01_ID, ITEM_02_ID, ITEM_03_ID, ITEM_04_ID, AMOUNT, PLUS_MINUS, COMMENT, UPDATE_DATE) VALUES('2012-02-24', 10, 2, 2, 2,   8719, -1, '水道代', '2013-08-01');
INSERT INTO RECORD_LIST(RECORD_DATE, ITEM_01_ID, ITEM_02_ID, ITEM_03_ID, ITEM_04_ID, AMOUNT, PLUS_MINUS, COMMENT, UPDATE_DATE) VALUES('2012-02-24', 13, 2, 2, 2,  60000,  1, '児童手当', '2013-08-01');

-- 2012-03 ひろと
INSERT INTO RECORD_LIST(RECORD_DATE, ITEM_01_ID, ITEM_02_ID, ITEM_03_ID, ITEM_04_ID, AMOUNT, PLUS_MINUS, COMMENT, UPDATE_DATE) VALUES('2012-03-24',  2, 2, 2, 2, 294694,  1, '給与', '2013-08-01');
INSERT INTO RECORD_LIST(RECORD_DATE, ITEM_01_ID, ITEM_02_ID, ITEM_03_ID, ITEM_04_ID, AMOUNT, PLUS_MINUS, COMMENT, UPDATE_DATE) VALUES('2012-03-24',  8, 2, 2, 2,    535, -1, '電気代', '2013-08-01');
INSERT INTO RECORD_LIST(RECORD_DATE, ITEM_01_ID, ITEM_02_ID, ITEM_03_ID, ITEM_04_ID, AMOUNT, PLUS_MINUS, COMMENT, UPDATE_DATE) VALUES('2012-03-24',  8, 2, 2, 2,  13454, -1, '電気代', '2013-08-01');
INSERT INTO RECORD_LIST(RECORD_DATE, ITEM_01_ID, ITEM_02_ID, ITEM_03_ID, ITEM_04_ID, AMOUNT, PLUS_MINUS, COMMENT, UPDATE_DATE) VALUES('2012-03-24', 11, 2, 2, 2,   6480, -1, '敷毛布', '2013-08-01');
INSERT INTO RECORD_LIST(RECORD_DATE, ITEM_01_ID, ITEM_02_ID, ITEM_03_ID, ITEM_04_ID, AMOUNT, PLUS_MINUS, COMMENT, UPDATE_DATE) VALUES('2012-03-24', 12, 2, 2, 2,  50214, -1, '生命保険', '2013-08-01');
INSERT INTO RECORD_LIST(RECORD_DATE, ITEM_01_ID, ITEM_02_ID, ITEM_03_ID, ITEM_04_ID, AMOUNT, PLUS_MINUS, COMMENT, UPDATE_DATE) VALUES('2012-03-24', 12, 2, 2, 2, 594760, -1, '生命保険', '2013-08-01');
INSERT INTO RECORD_LIST(RECORD_DATE, ITEM_01_ID, ITEM_02_ID, ITEM_03_ID, ITEM_04_ID, AMOUNT, PLUS_MINUS, COMMENT, UPDATE_DATE) VALUES('2012-03-24',  9, 2, 2, 2,   7951, -1, 'ガス代', '2013-08-01');
INSERT INTO RECORD_LIST(RECORD_DATE, ITEM_01_ID, ITEM_02_ID, ITEM_03_ID, ITEM_04_ID, AMOUNT, PLUS_MINUS, COMMENT, UPDATE_DATE) VALUES('2012-03-24',  9, 2, 2, 2,  12849, -1, 'ガス代', '2013-08-01');

-- 2012-04 ひろと
INSERT INTO RECORD_LIST(RECORD_DATE, ITEM_01_ID, ITEM_02_ID, ITEM_03_ID, ITEM_04_ID, AMOUNT, PLUS_MINUS, COMMENT, UPDATE_DATE) VALUES('2012-04-24',  2, 2, 2, 2, 294694,  1, '給与', '2013-08-01');
INSERT INTO RECORD_LIST(RECORD_DATE, ITEM_01_ID, ITEM_02_ID, ITEM_03_ID, ITEM_04_ID, AMOUNT, PLUS_MINUS, COMMENT, UPDATE_DATE) VALUES('2012-04-24',  4, 2, 2, 2,  27781, -1, '食費', '2013-08-01');
INSERT INTO RECORD_LIST(RECORD_DATE, ITEM_01_ID, ITEM_02_ID, ITEM_03_ID, ITEM_04_ID, AMOUNT, PLUS_MINUS, COMMENT, UPDATE_DATE) VALUES('2012-04-24',  5, 2, 2, 2,  24628, -1, '生活費', '2013-08-01');
INSERT INTO RECORD_LIST(RECORD_DATE, ITEM_01_ID, ITEM_02_ID, ITEM_03_ID, ITEM_04_ID, AMOUNT, PLUS_MINUS, COMMENT, UPDATE_DATE) VALUES('2012-04-24',  7, 2, 2, 2,  35000, -1, '小遣い', '2013-08-01');
INSERT INTO RECORD_LIST(RECORD_DATE, ITEM_01_ID, ITEM_02_ID, ITEM_03_ID, ITEM_04_ID, AMOUNT, PLUS_MINUS, COMMENT, UPDATE_DATE) VALUES('2012-04-24',  8, 2, 2, 2,    535, -1, '電気代', '2013-08-01');
INSERT INTO RECORD_LIST(RECORD_DATE, ITEM_01_ID, ITEM_02_ID, ITEM_03_ID, ITEM_04_ID, AMOUNT, PLUS_MINUS, COMMENT, UPDATE_DATE) VALUES('2012-04-24',  8, 2, 2, 2,  13666, -1, '電気代', '2013-08-01');
INSERT INTO RECORD_LIST(RECORD_DATE, ITEM_01_ID, ITEM_02_ID, ITEM_03_ID, ITEM_04_ID, AMOUNT, PLUS_MINUS, COMMENT, UPDATE_DATE) VALUES('2012-04-24',  9, 2, 2, 2,  15420, -1, 'ガス代', '2013-08-01');
INSERT INTO RECORD_LIST(RECORD_DATE, ITEM_01_ID, ITEM_02_ID, ITEM_03_ID, ITEM_04_ID, AMOUNT, PLUS_MINUS, COMMENT, UPDATE_DATE) VALUES('2012-04-24', 10, 2, 2, 2,   9855, -1, '水道代', '2013-08-01');
INSERT INTO RECORD_LIST(RECORD_DATE, ITEM_01_ID, ITEM_02_ID, ITEM_03_ID, ITEM_04_ID, AMOUNT, PLUS_MINUS, COMMENT, UPDATE_DATE) VALUES('2012-04-24', 11, 2, 2, 2,   8800, -1, '口腔洗浄器', '2013-08-01');
INSERT INTO RECORD_LIST(RECORD_DATE, ITEM_01_ID, ITEM_02_ID, ITEM_03_ID, ITEM_04_ID, AMOUNT, PLUS_MINUS, COMMENT, UPDATE_DATE) VALUES('2012-04-24', 12, 2, 2, 2,  46500, -1, '保育園', '2013-08-01');

-- 2012-05 ひろと
INSERT INTO RECORD_LIST(RECORD_DATE, ITEM_01_ID, ITEM_02_ID, ITEM_03_ID, ITEM_04_ID, AMOUNT, PLUS_MINUS, COMMENT, UPDATE_DATE) VALUES('2012-05-24',  2, 2, 2, 2, 294162,  1, '給与', '2013-08-01');
INSERT INTO RECORD_LIST(RECORD_DATE, ITEM_01_ID, ITEM_02_ID, ITEM_03_ID, ITEM_04_ID, AMOUNT, PLUS_MINUS, COMMENT, UPDATE_DATE) VALUES('2012-05-24',  8, 2, 2, 2,    535, -1, '電気代', '2013-08-01');
INSERT INTO RECORD_LIST(RECORD_DATE, ITEM_01_ID, ITEM_02_ID, ITEM_03_ID, ITEM_04_ID, AMOUNT, PLUS_MINUS, COMMENT, UPDATE_DATE) VALUES('2012-05-24',  8, 2, 2, 2,  12418, -1, '電気代', '2013-08-01');
INSERT INTO RECORD_LIST(RECORD_DATE, ITEM_01_ID, ITEM_02_ID, ITEM_03_ID, ITEM_04_ID, AMOUNT, PLUS_MINUS, COMMENT, UPDATE_DATE) VALUES('2012-05-24',  9, 2, 2, 2,  14093, -1, 'ガス代', '2013-08-01');

-- 2012-06 ひろと
INSERT INTO RECORD_LIST(RECORD_DATE, ITEM_01_ID, ITEM_02_ID, ITEM_03_ID, ITEM_04_ID, AMOUNT, PLUS_MINUS, COMMENT, UPDATE_DATE) VALUES('2012-06-24',  2, 2, 2, 2, 294162,  1, '給与', '2013-08-01');
INSERT INTO RECORD_LIST(RECORD_DATE, ITEM_01_ID, ITEM_02_ID, ITEM_03_ID, ITEM_04_ID, AMOUNT, PLUS_MINUS, COMMENT, UPDATE_DATE) VALUES('2012-06-24',  8, 2, 2, 2,    535, -1, '電気代', '2013-08-01');
INSERT INTO RECORD_LIST(RECORD_DATE, ITEM_01_ID, ITEM_02_ID, ITEM_03_ID, ITEM_04_ID, AMOUNT, PLUS_MINUS, COMMENT, UPDATE_DATE) VALUES('2012-06-24',  8, 2, 2, 2,  11899, -1, '電気代', '2013-08-01');
INSERT INTO RECORD_LIST(RECORD_DATE, ITEM_01_ID, ITEM_02_ID, ITEM_03_ID, ITEM_04_ID, AMOUNT, PLUS_MINUS, COMMENT, UPDATE_DATE) VALUES('2012-06-24', 11, 2, 2, 2,  16366, -1, '照明', '2013-08-01');
INSERT INTO RECORD_LIST(RECORD_DATE, ITEM_01_ID, ITEM_02_ID, ITEM_03_ID, ITEM_04_ID, AMOUNT, PLUS_MINUS, COMMENT, UPDATE_DATE) VALUES('2012-06-24', 10, 2, 2, 2,  12082, -1, '水道代', '2013-08-01');
INSERT INTO RECORD_LIST(RECORD_DATE, ITEM_01_ID, ITEM_02_ID, ITEM_03_ID, ITEM_04_ID, AMOUNT, PLUS_MINUS, COMMENT, UPDATE_DATE) VALUES('2012-06-24', 13, 2, 2, 2,  60000,  1, '児童手当', '2013-08-01');

-- 2012-07 ひろと
INSERT INTO RECORD_LIST(RECORD_DATE, ITEM_01_ID, ITEM_02_ID, ITEM_03_ID, ITEM_04_ID, AMOUNT, PLUS_MINUS, COMMENT, UPDATE_DATE) VALUES('2012-07-24',  2, 2, 2, 2, 277562,  1, '給与', '2013-08-01');
INSERT INTO RECORD_LIST(RECORD_DATE, ITEM_01_ID, ITEM_02_ID, ITEM_03_ID, ITEM_04_ID, AMOUNT, PLUS_MINUS, COMMENT, UPDATE_DATE) VALUES('2012-07-24',  8, 2, 2, 2,    535, -1, '電気代', '2013-08-01');
INSERT INTO RECORD_LIST(RECORD_DATE, ITEM_01_ID, ITEM_02_ID, ITEM_03_ID, ITEM_04_ID, AMOUNT, PLUS_MINUS, COMMENT, UPDATE_DATE) VALUES('2012-07-24',  8, 2, 2, 2,  12282, -1, '電気代', '2013-08-01');
INSERT INTO RECORD_LIST(RECORD_DATE, ITEM_01_ID, ITEM_02_ID, ITEM_03_ID, ITEM_04_ID, AMOUNT, PLUS_MINUS, COMMENT, UPDATE_DATE) VALUES('2012-07-24',  9, 2, 2, 2,   9568, -1, 'ガス代', '2013-08-01');
INSERT INTO RECORD_LIST(RECORD_DATE, ITEM_01_ID, ITEM_02_ID, ITEM_03_ID, ITEM_04_ID, AMOUNT, PLUS_MINUS, COMMENT, UPDATE_DATE) VALUES('2012-07-24',  9, 2, 2, 2,   6998, -1, 'ガス代', '2013-08-01');
INSERT INTO RECORD_LIST(RECORD_DATE, ITEM_01_ID, ITEM_02_ID, ITEM_03_ID, ITEM_04_ID, AMOUNT, PLUS_MINUS, COMMENT, UPDATE_DATE) VALUES('2012-07-24',  5, 2, 2, 2,   3807, -1, '生活費(ガソリン)', '2013-08-01');
INSERT INTO RECORD_LIST(RECORD_DATE, ITEM_01_ID, ITEM_02_ID, ITEM_03_ID, ITEM_04_ID, AMOUNT, PLUS_MINUS, COMMENT, UPDATE_DATE) VALUES('2012-07-24', 12, 2, 2, 2,  82225, -1, '生命保険', '2013-08-01');

-- 2012-08 ひろと
-- 通帳
INSERT INTO RECORD_LIST(RECORD_DATE, ITEM_01_ID, ITEM_02_ID, ITEM_03_ID, ITEM_04_ID, AMOUNT, PLUS_MINUS, COMMENT, UPDATE_DATE) VALUES('2012-08-24',  1, 1, 4, 1,  17614, -1, '楽天カード', '2013-08-01');
INSERT INTO RECORD_LIST(RECORD_DATE, ITEM_01_ID, ITEM_02_ID, ITEM_03_ID, ITEM_04_ID, AMOUNT, PLUS_MINUS, COMMENT, UPDATE_DATE) VALUES('2012-08-24',  7, 2, 4, 3,  18830,  1, '交通費', '2013-08-01');
INSERT INTO RECORD_LIST(RECORD_DATE, ITEM_01_ID, ITEM_02_ID, ITEM_03_ID, ITEM_04_ID, AMOUNT, PLUS_MINUS, COMMENT, UPDATE_DATE) VALUES('2012-08-24',  2, 2, 2, 2, 278062,  1, '給与', '2013-08-01');
INSERT INTO RECORD_LIST(RECORD_DATE, ITEM_01_ID, ITEM_02_ID, ITEM_03_ID, ITEM_04_ID, AMOUNT, PLUS_MINUS, COMMENT, UPDATE_DATE) VALUES('2012-08-24',  7, 2, 2, 3,   1680, -1, 'ソフトバンク', '2013-08-01');
INSERT INTO RECORD_LIST(RECORD_DATE, ITEM_01_ID, ITEM_02_ID, ITEM_03_ID, ITEM_04_ID, AMOUNT, PLUS_MINUS, COMMENT, UPDATE_DATE) VALUES('2012-08-24', 10, 2, 2, 2,  10491, -1, '水道料', '2013-08-01');
-- カード
INSERT INTO RECORD_LIST(RECORD_DATE, ITEM_01_ID, ITEM_02_ID, ITEM_03_ID, ITEM_04_ID, AMOUNT, PLUS_MINUS, COMMENT, UPDATE_DATE) VALUES('2012-08-24',  7, 2, 2, 3,   1515, -1, 'ﾈﾂﾄﾁﾕｳｺｼﾖﾃﾝ ﾈﾂﾄｵ', '2013-08-01');
INSERT INTO RECORD_LIST(RECORD_DATE, ITEM_01_ID, ITEM_02_ID, ITEM_03_ID, ITEM_04_ID, AMOUNT, PLUS_MINUS, COMMENT, UPDATE_DATE) VALUES('2012-08-24',  7, 2, 2, 3,    490, -1, 'ﾄﾞﾘ-ﾑﾄﾚｲﾝｲﾝﾀ-ﾈﾂﾄ', '2013-08-01');
INSERT INTO RECORD_LIST(RECORD_DATE, ITEM_01_ID, ITEM_02_ID, ITEM_03_ID, ITEM_04_ID, AMOUNT, PLUS_MINUS, COMMENT, UPDATE_DATE) VALUES('2012-08-24',  8, 2, 2, 2,    535, -1, '東京電力　　電気料金', '2013-08-01');
INSERT INTO RECORD_LIST(RECORD_DATE, ITEM_01_ID, ITEM_02_ID, ITEM_03_ID, ITEM_04_ID, AMOUNT, PLUS_MINUS, COMMENT, UPDATE_DATE) VALUES('2012-08-24',  8, 2, 2, 2,  10181, -1, '東京電力　　電気料金', '2013-08-01');
INSERT INTO RECORD_LIST(RECORD_DATE, ITEM_01_ID, ITEM_02_ID, ITEM_03_ID, ITEM_04_ID, AMOUNT, PLUS_MINUS, COMMENT, UPDATE_DATE) VALUES('2012-08-24',  9, 2, 2, 2,   4893, -1, 'ﾄｳｷﾖｳｶﾞｽ ｶﾞｽﾘﾖｳﾘ', '2013-08-01');

-- 2012-09 ひろと
-- 通帳
INSERT INTO RECORD_LIST(RECORD_DATE, ITEM_01_ID, ITEM_02_ID, ITEM_03_ID, ITEM_04_ID, AMOUNT, PLUS_MINUS, COMMENT, UPDATE_DATE) VALUES('2012-09-24',  1, 1, 4, 1,  26299, -1, '楽天カード', '2013-08-01');
INSERT INTO RECORD_LIST(RECORD_DATE, ITEM_01_ID, ITEM_02_ID, ITEM_03_ID, ITEM_04_ID, AMOUNT, PLUS_MINUS, COMMENT, UPDATE_DATE) VALUES('2012-09-24',  1, 1, 4, 1,  36851, -1, '楽天カード', '2013-08-01');
INSERT INTO RECORD_LIST(RECORD_DATE, ITEM_01_ID, ITEM_02_ID, ITEM_03_ID, ITEM_04_ID, AMOUNT, PLUS_MINUS, COMMENT, UPDATE_DATE) VALUES('2012-09-24',  7, 2, 4, 3,  16970,  1, '交通費', '2013-08-01');
INSERT INTO RECORD_LIST(RECORD_DATE, ITEM_01_ID, ITEM_02_ID, ITEM_03_ID, ITEM_04_ID, AMOUNT, PLUS_MINUS, COMMENT, UPDATE_DATE) VALUES('2012-09-24',  2, 2, 2, 2, 278062,  1, '給与', '2013-08-01');
INSERT INTO RECORD_LIST(RECORD_DATE, ITEM_01_ID, ITEM_02_ID, ITEM_03_ID, ITEM_04_ID, AMOUNT, PLUS_MINUS, COMMENT, UPDATE_DATE) VALUES('2012-09-24',  7, 2, 2, 3,   1747, -1, 'ソフトバンク', '2013-08-01');
INSERT INTO RECORD_LIST(RECORD_DATE, ITEM_01_ID, ITEM_02_ID, ITEM_03_ID, ITEM_04_ID, AMOUNT, PLUS_MINUS, COMMENT, UPDATE_DATE) VALUES('2012-09-24',  7, 2, 2, 3,   1363, -1, 'ソフトバンク', '2013-08-01');
-- カード
INSERT INTO RECORD_LIST(RECORD_DATE, ITEM_01_ID, ITEM_02_ID, ITEM_03_ID, ITEM_04_ID, AMOUNT, PLUS_MINUS, COMMENT, UPDATE_DATE) VALUES('2012-09-24',  7, 2, 2, 3,   1175, -1, 'ﾗｲﾌﾞﾄﾞｱ ﾃﾞﾊﾟ-ﾄ(小説)', '2013-08-01');
INSERT INTO RECORD_LIST(RECORD_DATE, ITEM_01_ID, ITEM_02_ID, ITEM_03_ID, ITEM_04_ID, AMOUNT, PLUS_MINUS, COMMENT, UPDATE_DATE) VALUES('2012-09-24',  7, 2, 4, 3,   7970, -1, 'ﾄｳｷﾖｳﾁｶﾃﾂﾃｲｷｹﾝｲﾂ', '2013-08-01');
INSERT INTO RECORD_LIST(RECORD_DATE, ITEM_01_ID, ITEM_02_ID, ITEM_03_ID, ITEM_04_ID, AMOUNT, PLUS_MINUS, COMMENT, UPDATE_DATE) VALUES('2012-09-24',  7, 2, 2, 3,    490, -1, 'ﾄﾞﾘ-ﾑﾄﾚｲﾝｲﾝﾀ-ﾈﾂﾄ', '2013-08-01');
INSERT INTO RECORD_LIST(RECORD_DATE, ITEM_01_ID, ITEM_02_ID, ITEM_03_ID, ITEM_04_ID, AMOUNT, PLUS_MINUS, COMMENT, UPDATE_DATE) VALUES('2012-09-24',  8, 2, 2, 2,    535, -1, '東京電力　　電気料金', '2013-08-01');
INSERT INTO RECORD_LIST(RECORD_DATE, ITEM_01_ID, ITEM_02_ID, ITEM_03_ID, ITEM_04_ID, AMOUNT, PLUS_MINUS, COMMENT, UPDATE_DATE) VALUES('2012-09-24',  8, 2, 2, 2,  11807, -1, '東京電力　　電気料金', '2013-08-01');
INSERT INTO RECORD_LIST(RECORD_DATE, ITEM_01_ID, ITEM_02_ID, ITEM_03_ID, ITEM_04_ID, AMOUNT, PLUS_MINUS, COMMENT, UPDATE_DATE) VALUES('2012-09-24',  9, 2, 2, 2,   3840, -1, 'ﾄｳｷﾖｳｶﾞｽ ｶﾞｽﾘﾖｳﾘ', '2013-08-01');
INSERT INTO RECORD_LIST(RECORD_DATE, ITEM_01_ID, ITEM_02_ID, ITEM_03_ID, ITEM_04_ID, AMOUNT, PLUS_MINUS, COMMENT, UPDATE_DATE) VALUES('2012-09-24',  7, 2, 2, 3,    482, -1, 'AMAZON(ゲーム)', '2013-08-01');

-- 2012-10 ひろと
-- 通帳
INSERT INTO RECORD_LIST(RECORD_DATE, ITEM_01_ID, ITEM_02_ID, ITEM_03_ID, ITEM_04_ID, AMOUNT, PLUS_MINUS, COMMENT, UPDATE_DATE) VALUES('2012-10-24',  7, 2, 4, 3,  16970,  1, '交通費', '2013-08-01');
INSERT INTO RECORD_LIST(RECORD_DATE, ITEM_01_ID, ITEM_02_ID, ITEM_03_ID, ITEM_04_ID, AMOUNT, PLUS_MINUS, COMMENT, UPDATE_DATE) VALUES('2012-10-24',  2, 2, 2, 2, 278062,  1, '給与', '2013-08-01');
INSERT INTO RECORD_LIST(RECORD_DATE, ITEM_01_ID, ITEM_02_ID, ITEM_03_ID, ITEM_04_ID, AMOUNT, PLUS_MINUS, COMMENT, UPDATE_DATE) VALUES('2012-10-24', 13, 2, 2, 2,  60000,  1, '児童手当', '2013-08-01');
INSERT INTO RECORD_LIST(RECORD_DATE, ITEM_01_ID, ITEM_02_ID, ITEM_03_ID, ITEM_04_ID, AMOUNT, PLUS_MINUS, COMMENT, UPDATE_DATE) VALUES('2012-10-24', 10, 2, 2, 2,   8468, -1, '水道料', '2013-08-01');
-- カード
INSERT INTO RECORD_LIST(RECORD_DATE, ITEM_01_ID, ITEM_02_ID, ITEM_03_ID, ITEM_04_ID, AMOUNT, PLUS_MINUS, COMMENT, UPDATE_DATE) VALUES('2012-10-24',  7, 2, 4, 3,   7970, -1, 'ﾄｳｷﾖｳﾁｶﾃﾂﾃｲｷｹﾝｲﾂ', '2013-08-01');
INSERT INTO RECORD_LIST(RECORD_DATE, ITEM_01_ID, ITEM_02_ID, ITEM_03_ID, ITEM_04_ID, AMOUNT, PLUS_MINUS, COMMENT, UPDATE_DATE) VALUES('2012-10-24',  7, 2, 2, 3,    490, -1, 'ﾄﾞﾘ-ﾑﾄﾚｲﾝｲﾝﾀ-ﾈﾂﾄ', '2013-08-01');
INSERT INTO RECORD_LIST(RECORD_DATE, ITEM_01_ID, ITEM_02_ID, ITEM_03_ID, ITEM_04_ID, AMOUNT, PLUS_MINUS, COMMENT, UPDATE_DATE) VALUES('2012-10-24',  7, 2, 2, 3,   2195, -1, 'AMAZON(参考書)', '2013-08-01');
INSERT INTO RECORD_LIST(RECORD_DATE, ITEM_01_ID, ITEM_02_ID, ITEM_03_ID, ITEM_04_ID, AMOUNT, PLUS_MINUS, COMMENT, UPDATE_DATE) VALUES('2012-10-24',  7, 2, 2, 3,   5600, -1, 'ﾂ-ﾄﾂﾌﾟ ｲﾝﾀ-ﾈﾂﾄｼﾖ(HDD)', '2013-08-01');
INSERT INTO RECORD_LIST(RECORD_DATE, ITEM_01_ID, ITEM_02_ID, ITEM_03_ID, ITEM_04_ID, AMOUNT, PLUS_MINUS, COMMENT, UPDATE_DATE) VALUES('2012-10-24',  8, 2, 2, 2,    535, -1, '東京電力　　電気料金', '2013-08-01');
INSERT INTO RECORD_LIST(RECORD_DATE, ITEM_01_ID, ITEM_02_ID, ITEM_03_ID, ITEM_04_ID, AMOUNT, PLUS_MINUS, COMMENT, UPDATE_DATE) VALUES('2012-10-24',  8, 2, 2, 2,  13455, -1, '東京電力　　電気料金', '2013-08-01');
INSERT INTO RECORD_LIST(RECORD_DATE, ITEM_01_ID, ITEM_02_ID, ITEM_03_ID, ITEM_04_ID, AMOUNT, PLUS_MINUS, COMMENT, UPDATE_DATE) VALUES('2012-10-24',  7, 2, 2, 3,    994, -1, 'AMAZON(ゲーム)', '2013-08-01');
INSERT INTO RECORD_LIST(RECORD_DATE, ITEM_01_ID, ITEM_02_ID, ITEM_03_ID, ITEM_04_ID, AMOUNT, PLUS_MINUS, COMMENT, UPDATE_DATE) VALUES('2012-10-24',  7, 2, 2, 3,   1015, -1, 'AMAZON(参考書)', '2013-08-01');
INSERT INTO RECORD_LIST(RECORD_DATE, ITEM_01_ID, ITEM_02_ID, ITEM_03_ID, ITEM_04_ID, AMOUNT, PLUS_MINUS, COMMENT, UPDATE_DATE) VALUES('2012-10-24',  9, 2, 2, 2,   3242, -1, 'ﾄｳｷﾖｳｶﾞｽ ｶﾞｽﾘﾖｳﾘ', '2013-08-01');
INSERT INTO RECORD_LIST(RECORD_DATE, ITEM_01_ID, ITEM_02_ID, ITEM_03_ID, ITEM_04_ID, AMOUNT, PLUS_MINUS, COMMENT, UPDATE_DATE) VALUES('2012-10-24',  7, 2, 2, 3,    567, -1, 'AMAZON(参考書)', '2013-08-01');
INSERT INTO RECORD_LIST(RECORD_DATE, ITEM_01_ID, ITEM_02_ID, ITEM_03_ID, ITEM_04_ID, AMOUNT, PLUS_MINUS, COMMENT, UPDATE_DATE) VALUES('2012-10-24',  7, 2, 2, 3,    790, -1, 'AMAZON(参考書)', '2013-08-01');

-- 2012-11 ひろと
-- 通帳
-- カードで40万引き出し
INSERT INTO RECORD_LIST(RECORD_DATE, ITEM_01_ID, ITEM_02_ID, ITEM_03_ID, ITEM_04_ID, AMOUNT, PLUS_MINUS, COMMENT, UPDATE_DATE) VALUES('2012-11-24',  1, 1, 4, 1, 129645, -1, '楽天カード', '2013-08-01');
INSERT INTO RECORD_LIST(RECORD_DATE, ITEM_01_ID, ITEM_02_ID, ITEM_03_ID, ITEM_04_ID, AMOUNT, PLUS_MINUS, COMMENT, UPDATE_DATE) VALUES('2012-11-24',  7, 2, 4, 3,  16970,  1, '交通費', '2013-08-01');
INSERT INTO RECORD_LIST(RECORD_DATE, ITEM_01_ID, ITEM_02_ID, ITEM_03_ID, ITEM_04_ID, AMOUNT, PLUS_MINUS, COMMENT, UPDATE_DATE) VALUES('2012-11-24',  2, 2, 2, 2, 277425,  1, '給与', '2013-08-01');
INSERT INTO RECORD_LIST(RECORD_DATE, ITEM_01_ID, ITEM_02_ID, ITEM_03_ID, ITEM_04_ID, AMOUNT, PLUS_MINUS, COMMENT, UPDATE_DATE) VALUES('2012-11-24',  7, 2, 2, 3,   1835, -1, 'ソフトバンク', '2013-08-01');
INSERT INTO RECORD_LIST(RECORD_DATE, ITEM_01_ID, ITEM_02_ID, ITEM_03_ID, ITEM_04_ID, AMOUNT, PLUS_MINUS, COMMENT, UPDATE_DATE) VALUES('2012-11-24',  7, 2, 2, 3,   1909, -1, 'ソフトバンク', '2013-08-01');
-- カード(enavi201210(5254).csv)  
INSERT INTO RECORD_LIST(RECORD_DATE, ITEM_01_ID, ITEM_02_ID, ITEM_03_ID, ITEM_04_ID, AMOUNT, PLUS_MINUS, COMMENT, UPDATE_DATE) VALUES('2012-11-24',  7, 2, 2, 3,    490, -1, 'ﾄﾞﾘ-ﾑﾄﾚｲﾝｲﾝﾀ-ﾈﾂﾄ', '2013-08-01');
INSERT INTO RECORD_LIST(RECORD_DATE, ITEM_01_ID, ITEM_02_ID, ITEM_03_ID, ITEM_04_ID, AMOUNT, PLUS_MINUS, COMMENT, UPDATE_DATE) VALUES('2012-11-24',  8, 2, 2, 2,    535, -1, '東京電力　　電気料金', '2013-08-01');
INSERT INTO RECORD_LIST(RECORD_DATE, ITEM_01_ID, ITEM_02_ID, ITEM_03_ID, ITEM_04_ID, AMOUNT, PLUS_MINUS, COMMENT, UPDATE_DATE) VALUES('2012-11-24',  8, 2, 2, 2,  14772, -1, '東京電力　　電気料金', '2013-08-01');
INSERT INTO RECORD_LIST(RECORD_DATE, ITEM_01_ID, ITEM_02_ID, ITEM_03_ID, ITEM_04_ID, AMOUNT, PLUS_MINUS, COMMENT, UPDATE_DATE) VALUES('2012-11-24',  7, 3, 2, 4,  14980, -1, 'インターグローバル楽天市場店(フリーライン)', '2013-08-01');
INSERT INTO RECORD_LIST(RECORD_DATE, ITEM_01_ID, ITEM_02_ID, ITEM_03_ID, ITEM_04_ID, AMOUNT, PLUS_MINUS, COMMENT, UPDATE_DATE) VALUES('2012-11-24',  7, 2, 2, 3,   3050, -1, 'AMAZON(参考書)', '2013-08-01');
INSERT INTO RECORD_LIST(RECORD_DATE, ITEM_01_ID, ITEM_02_ID, ITEM_03_ID, ITEM_04_ID, AMOUNT, PLUS_MINUS, COMMENT, UPDATE_DATE) VALUES('2012-11-24',  7, 2, 2, 3,    935, -1, 'AMAZON(参考書)', '2013-08-01');
INSERT INTO RECORD_LIST(RECORD_DATE, ITEM_01_ID, ITEM_02_ID, ITEM_03_ID, ITEM_04_ID, AMOUNT, PLUS_MINUS, COMMENT, UPDATE_DATE) VALUES('2012-11-24',  7, 2, 2, 3,    484, -1, 'AMAZON(参考書)', '2013-08-01');
INSERT INTO RECORD_LIST(RECORD_DATE, ITEM_01_ID, ITEM_02_ID, ITEM_03_ID, ITEM_04_ID, AMOUNT, PLUS_MINUS, COMMENT, UPDATE_DATE) VALUES('2012-11-24',  7, 2, 4, 3,   1470, -1, 'AMAZON(親の絵本)', '2013-08-01');
INSERT INTO RECORD_LIST(RECORD_DATE, ITEM_01_ID, ITEM_02_ID, ITEM_03_ID, ITEM_04_ID, AMOUNT, PLUS_MINUS, COMMENT, UPDATE_DATE) VALUES('2012-11-24', 12, 2, 2, 2,  42653, -1, 'ｵﾘﾂｸｽｾｲﾒｲﾎｹﾝ ﾎｹﾝ', '2013-08-01');
INSERT INTO RECORD_LIST(RECORD_DATE, ITEM_01_ID, ITEM_02_ID, ITEM_03_ID, ITEM_04_ID, AMOUNT, PLUS_MINUS, COMMENT, UPDATE_DATE) VALUES('2012-11-24', 12, 2, 2, 2,  25530, -1, 'ｵﾘﾂｸｽｾｲﾒｲﾎｹﾝ ﾎｹﾝ', '2013-08-01');
INSERT INTO RECORD_LIST(RECORD_DATE, ITEM_01_ID, ITEM_02_ID, ITEM_03_ID, ITEM_04_ID, AMOUNT, PLUS_MINUS, COMMENT, UPDATE_DATE) VALUES('2012-11-24',  7, 2, 2, 3,   3150, -1, 'AMAZON(スケボー)', '2013-08-01');
INSERT INTO RECORD_LIST(RECORD_DATE, ITEM_01_ID, ITEM_02_ID, ITEM_03_ID, ITEM_04_ID, AMOUNT, PLUS_MINUS, COMMENT, UPDATE_DATE) VALUES('2012-11-24', 11, 2, 2, 2,  13300, -1, 'Ｃｏｎ　Ｓｐｉｒｉｔｏ(ヘルメット、チャイルドシート)', '2013-08-01');
INSERT INTO RECORD_LIST(RECORD_DATE, ITEM_01_ID, ITEM_02_ID, ITEM_03_ID, ITEM_04_ID, AMOUNT, PLUS_MINUS, COMMENT, UPDATE_DATE) VALUES('2012-11-24', 11, 2, 2, 2,    450, -1, 'AMAZON(絵本)', '2013-08-01');
INSERT INTO RECORD_LIST(RECORD_DATE, ITEM_01_ID, ITEM_02_ID, ITEM_03_ID, ITEM_04_ID, AMOUNT, PLUS_MINUS, COMMENT, UPDATE_DATE) VALUES('2012-11-24', 11, 2, 2, 2,   2220, -1, 'ＮｅｔＢａｂｙＷｏｒｌｄ(便座)', '2013-08-01');
INSERT INTO RECORD_LIST(RECORD_DATE, ITEM_01_ID, ITEM_02_ID, ITEM_03_ID, ITEM_04_ID, AMOUNT, PLUS_MINUS, COMMENT, UPDATE_DATE) VALUES('2012-11-24', 11, 2, 2, 2,    518, -1, 'AMAZON(絵本)', '2013-08-01');
INSERT INTO RECORD_LIST(RECORD_DATE, ITEM_01_ID, ITEM_02_ID, ITEM_03_ID, ITEM_04_ID, AMOUNT, PLUS_MINUS, COMMENT, UPDATE_DATE) VALUES('2012-11-24',  9, 2, 2, 2,   2771, -1, 'ﾄｳｷﾖｳｶﾞｽ ｶﾞｽﾘﾖｳﾘ', '2013-08-01');
INSERT INTO RECORD_LIST(RECORD_DATE, ITEM_01_ID, ITEM_02_ID, ITEM_03_ID, ITEM_04_ID, AMOUNT, PLUS_MINUS, COMMENT, UPDATE_DATE) VALUES('2012-11-24', 11, 2, 2, 2,   2337, -1, 'ｿｳｶｲﾄﾞﾗﾂｸﾞ(薬)', '2013-08-01');


-- 2012-12 ひろと
-- 通帳
INSERT INTO RECORD_LIST(RECORD_DATE, ITEM_01_ID, ITEM_02_ID, ITEM_03_ID, ITEM_04_ID, AMOUNT, PLUS_MINUS, COMMENT, UPDATE_DATE) VALUES('2012-12-24',  1, 1, 4, 1,  32272, -1, '楽天カード', '2013-08-01');
INSERT INTO RECORD_LIST(RECORD_DATE, ITEM_01_ID, ITEM_02_ID, ITEM_03_ID, ITEM_04_ID, AMOUNT, PLUS_MINUS, COMMENT, UPDATE_DATE) VALUES('2012-12-24',  7, 2, 4, 3,  16970,  1, '交通費', '2013-08-01');
INSERT INTO RECORD_LIST(RECORD_DATE, ITEM_01_ID, ITEM_02_ID, ITEM_03_ID, ITEM_04_ID, AMOUNT, PLUS_MINUS, COMMENT, UPDATE_DATE) VALUES('2012-12-24',  2, 2, 2, 2, 277425,  1, '給与', '2013-08-01');
INSERT INTO RECORD_LIST(RECORD_DATE, ITEM_01_ID, ITEM_02_ID, ITEM_03_ID, ITEM_04_ID, AMOUNT, PLUS_MINUS, COMMENT, UPDATE_DATE) VALUES('2012-12-24', 10, 2, 2, 2,   7719, -1, '水道料', '2013-08-01');
-- カード(enavi201211(5254).csv)  
INSERT INTO RECORD_LIST(RECORD_DATE, ITEM_01_ID, ITEM_02_ID, ITEM_03_ID, ITEM_04_ID, AMOUNT, PLUS_MINUS, COMMENT, UPDATE_DATE) VALUES('2012-12-24',  7, 2, 2, 3,    490, -1, 'ﾄﾞﾘ-ﾑﾄﾚｲﾝｲﾝﾀ-ﾈﾂﾄ', '2013-08-01');
INSERT INTO RECORD_LIST(RECORD_DATE, ITEM_01_ID, ITEM_02_ID, ITEM_03_ID, ITEM_04_ID, AMOUNT, PLUS_MINUS, COMMENT, UPDATE_DATE) VALUES('2012-12-24',  8, 2, 2, 2,    535, -1, '東京電力　　電気料金', '2013-08-01');
INSERT INTO RECORD_LIST(RECORD_DATE, ITEM_01_ID, ITEM_02_ID, ITEM_03_ID, ITEM_04_ID, AMOUNT, PLUS_MINUS, COMMENT, UPDATE_DATE) VALUES('2012-12-24',  8, 2, 2, 2,  15099, -1, '東京電力　　電気料金', '2013-08-01');
INSERT INTO RECORD_LIST(RECORD_DATE, ITEM_01_ID, ITEM_02_ID, ITEM_03_ID, ITEM_04_ID, AMOUNT, PLUS_MINUS, COMMENT, UPDATE_DATE) VALUES('2012-12-24', 11, 2, 2, 2,    550, -1, 'AMAZON(絵本)', '2013-08-01');
INSERT INTO RECORD_LIST(RECORD_DATE, ITEM_01_ID, ITEM_02_ID, ITEM_03_ID, ITEM_04_ID, AMOUNT, PLUS_MINUS, COMMENT, UPDATE_DATE) VALUES('2012-12-24',  7, 2, 2, 3,   4000, -1, 'AMAZON(参考書)', '2013-08-01');
INSERT INTO RECORD_LIST(RECORD_DATE, ITEM_01_ID, ITEM_02_ID, ITEM_03_ID, ITEM_04_ID, AMOUNT, PLUS_MINUS, COMMENT, UPDATE_DATE) VALUES('2012-12-24',  9, 2, 2, 2,   3408, -1, 'ﾄｳｷﾖｳｶﾞｽ ｶﾞｽﾘﾖｳﾘ', '2013-08-01');
INSERT INTO RECORD_LIST(RECORD_DATE, ITEM_01_ID, ITEM_02_ID, ITEM_03_ID, ITEM_04_ID, AMOUNT, PLUS_MINUS, COMMENT, UPDATE_DATE) VALUES('2012-12-24',  7, 2, 2, 3,   2730, -1, 'AMAZON(参考書)', '2013-08-01');
INSERT INTO RECORD_LIST(RECORD_DATE, ITEM_01_ID, ITEM_02_ID, ITEM_03_ID, ITEM_04_ID, AMOUNT, PLUS_MINUS, COMMENT, UPDATE_DATE) VALUES('2012-12-24',  7, 2, 2, 3,   5460, -1, 'AMAZON(参考書)', '2013-08-01');


-- 2013-01 ひろと
-- 通帳
-- カードで40万引き出し
INSERT INTO RECORD_LIST(RECORD_DATE, ITEM_01_ID, ITEM_02_ID, ITEM_03_ID, ITEM_04_ID, AMOUNT, PLUS_MINUS, COMMENT, UPDATE_DATE) VALUES('2013-01-24',  1, 1, 4, 1,  70326, -1, '楽天カード', '2013-08-01');

-- カード(enavi201212(5254).csv)
INSERT INTO RECORD_LIST(RECORD_DATE, ITEM_01_ID, ITEM_02_ID, ITEM_03_ID, ITEM_04_ID, AMOUNT, PLUS_MINUS, COMMENT, UPDATE_DATE) VALUES('2013-01-24',  7, 2, 2, 3,    490, -1, 'ﾄﾞﾘ-ﾑﾄﾚｲﾝｲﾝﾀ-ﾈﾂﾄ', '2013-08-01');
INSERT INTO RECORD_LIST(RECORD_DATE, ITEM_01_ID, ITEM_02_ID, ITEM_03_ID, ITEM_04_ID, AMOUNT, PLUS_MINUS, COMMENT, UPDATE_DATE) VALUES('2013-01-24', 11, 2, 2, 2,   1260, -1, 'AMAZON(簿記参考書)', '2013-08-01');
INSERT INTO RECORD_LIST(RECORD_DATE, ITEM_01_ID, ITEM_02_ID, ITEM_03_ID, ITEM_04_ID, AMOUNT, PLUS_MINUS, COMMENT, UPDATE_DATE) VALUES('2013-01-24', 11, 2, 2, 2,    998, -1, 'AMAZON(簿記参考書)', '2013-08-01');
INSERT INTO RECORD_LIST(RECORD_DATE, ITEM_01_ID, ITEM_02_ID, ITEM_03_ID, ITEM_04_ID, AMOUNT, PLUS_MINUS, COMMENT, UPDATE_DATE) VALUES('2013-01-24',  7, 2, 2, 3,   4230, -1, 'AMAZON(参考書)', '2013-08-01');
INSERT INTO RECORD_LIST(RECORD_DATE, ITEM_01_ID, ITEM_02_ID, ITEM_03_ID, ITEM_04_ID, AMOUNT, PLUS_MINUS, COMMENT, UPDATE_DATE) VALUES('2013-01-24', 11, 2, 2, 2,   1000, -1, 'かつはらドラッグストアー(エプロン)', '2013-08-01');
INSERT INTO RECORD_LIST(RECORD_DATE, ITEM_01_ID, ITEM_02_ID, ITEM_03_ID, ITEM_04_ID, AMOUNT, PLUS_MINUS, COMMENT, UPDATE_DATE) VALUES('2013-01-24',  7, 2, 2, 3,   1867, -1, 'AMAZON(参考書)', '2013-08-01');
INSERT INTO RECORD_LIST(RECORD_DATE, ITEM_01_ID, ITEM_02_ID, ITEM_03_ID, ITEM_04_ID, AMOUNT, PLUS_MINUS, COMMENT, UPDATE_DATE) VALUES('2013-01-24',  7, 2, 2, 3,    610, -1, 'AMAZON(小説)', '2013-08-01');
INSERT INTO RECORD_LIST(RECORD_DATE, ITEM_01_ID, ITEM_02_ID, ITEM_03_ID, ITEM_04_ID, AMOUNT, PLUS_MINUS, COMMENT, UPDATE_DATE) VALUES('2013-01-24',  7, 2, 4, 3,   7970, -1, 'ﾄｳｷﾖｳﾁｶﾃﾂﾃｲｷｹﾝｲﾂ', '2013-08-01');
INSERT INTO RECORD_LIST(RECORD_DATE, ITEM_01_ID, ITEM_02_ID, ITEM_03_ID, ITEM_04_ID, AMOUNT, PLUS_MINUS, COMMENT, UPDATE_DATE) VALUES('2013-01-24', 11, 2, 2, 2,   5680, -1, 'インテリア　タカミネ(座椅子)', '2013-08-01');
INSERT INTO RECORD_LIST(RECORD_DATE, ITEM_01_ID, ITEM_02_ID, ITEM_03_ID, ITEM_04_ID, AMOUNT, PLUS_MINUS, COMMENT, UPDATE_DATE) VALUES('2013-01-24',  7, 3, 2, 4,   1099, -1, 'クロシィ（ＣＬＯＴＨＹ）(キュロット)', '2013-08-01');
INSERT INTO RECORD_LIST(RECORD_DATE, ITEM_01_ID, ITEM_02_ID, ITEM_03_ID, ITEM_04_ID, AMOUNT, PLUS_MINUS, COMMENT, UPDATE_DATE) VALUES('2013-01-24',  8, 2, 2, 2,    535, -1, '東京電力　　電気料金', '2013-08-01');
INSERT INTO RECORD_LIST(RECORD_DATE, ITEM_01_ID, ITEM_02_ID, ITEM_03_ID, ITEM_04_ID, AMOUNT, PLUS_MINUS, COMMENT, UPDATE_DATE) VALUES('2013-01-24',  8, 2, 2, 2,  12379, -1, '東京電力　　電気料金', '2013-08-01');
INSERT INTO RECORD_LIST(RECORD_DATE, ITEM_01_ID, ITEM_02_ID, ITEM_03_ID, ITEM_04_ID, AMOUNT, PLUS_MINUS, COMMENT, UPDATE_DATE) VALUES('2013-01-24',  7, 3, 2, 4,   3000, -1, '枕と眠りのおやすみショップ！(ゆたんぽ)', '2013-08-01');
INSERT INTO RECORD_LIST(RECORD_DATE, ITEM_01_ID, ITEM_02_ID, ITEM_03_ID, ITEM_04_ID, AMOUNT, PLUS_MINUS, COMMENT, UPDATE_DATE) VALUES('2013-01-24', 11, 2, 2, 2,   5670, -1, 'マツダレンタカー', '2013-08-01');
INSERT INTO RECORD_LIST(RECORD_DATE, ITEM_01_ID, ITEM_02_ID, ITEM_03_ID, ITEM_04_ID, AMOUNT, PLUS_MINUS, COMMENT, UPDATE_DATE) VALUES('2013-01-24',  7, 2, 2, 3,   1260, -1, 'DMM(ゲーム)', '2013-08-01');
INSERT INTO RECORD_LIST(RECORD_DATE, ITEM_01_ID, ITEM_02_ID, ITEM_03_ID, ITEM_04_ID, AMOUNT, PLUS_MINUS, COMMENT, UPDATE_DATE) VALUES('2013-01-24',  7, 3, 2, 4,   1000, -1, '帽－ｂｏｗ－(ニット帽)', '2013-08-01');
INSERT INTO RECORD_LIST(RECORD_DATE, ITEM_01_ID, ITEM_02_ID, ITEM_03_ID, ITEM_04_ID, AMOUNT, PLUS_MINUS, COMMENT, UPDATE_DATE) VALUES('2013-01-24',  7, 3, 2, 4,    300, -1, 'Ｄａｒｋ　Ａｎｇｅｌ(タイツ)', '2013-08-01');
INSERT INTO RECORD_LIST(RECORD_DATE, ITEM_01_ID, ITEM_02_ID, ITEM_03_ID, ITEM_04_ID, AMOUNT, PLUS_MINUS, COMMENT, UPDATE_DATE) VALUES('2013-01-24',  7, 2, 2, 3,   3360, -1, 'AMAZON(参考書)', '2013-08-01');
INSERT INTO RECORD_LIST(RECORD_DATE, ITEM_01_ID, ITEM_02_ID, ITEM_03_ID, ITEM_04_ID, AMOUNT, PLUS_MINUS, COMMENT, UPDATE_DATE) VALUES('2013-01-24',  9, 2, 2, 2,   5830, -1, 'ﾄｳｷﾖｳｶﾞｽ ｶﾞｽﾘﾖｳﾘ', '2013-08-01');
INSERT INTO RECORD_LIST(RECORD_DATE, ITEM_01_ID, ITEM_02_ID, ITEM_03_ID, ITEM_04_ID, AMOUNT, PLUS_MINUS, COMMENT, UPDATE_DATE) VALUES('2013-01-24',  7, 3, 2, 4,   5670, -1, 'コジマ楽天市場店(ファンヒータ)', '2013-08-01');
INSERT INTO RECORD_LIST(RECORD_DATE, ITEM_01_ID, ITEM_02_ID, ITEM_03_ID, ITEM_04_ID, AMOUNT, PLUS_MINUS, COMMENT, UPDATE_DATE) VALUES('2013-01-24',  7, 3, 2, 4,   2210, -1, 'ＡｑｕａＧａｒａｇｅ(カーディガン)', '2013-08-01');
INSERT INTO RECORD_LIST(RECORD_DATE, ITEM_01_ID, ITEM_02_ID, ITEM_03_ID, ITEM_04_ID, AMOUNT, PLUS_MINUS, COMMENT, UPDATE_DATE) VALUES('2013-01-24',  7, 2, 2, 3,   1995, -1, 'AMAZON(参考書)', '2013-08-01');
INSERT INTO RECORD_LIST(RECORD_DATE, ITEM_01_ID, ITEM_02_ID, ITEM_03_ID, ITEM_04_ID, AMOUNT, PLUS_MINUS, COMMENT, UPDATE_DATE) VALUES('2013-01-24',  7, 2, 2, 3,   1913, -1, 'AMAZON(参考書)', '2013-08-01');

-- 2013-02 ひろと
-- 通帳
-- カード(enavi201301(5254).csv)

-- 2013-03 ひろと
-- 通帳
-- カード(enavi201302(5254).csv)

-- 2013-04 ひろと
-- 通帳
-- カード(enavi201303(5254).csv)

-- 2013-05 ひろと
-- 通帳
-- カード(enavi201304(5254).csv)

-- 2013-06 ひろと
-- 通帳
-- カード(enavi201305(5254).csv)

-- 2013-07 ひろと
-- 通帳
-- カード(enavi201306(5254).csv)


-- 2011-08 みほ
INSERT INTO RECORD_LIST(RECORD_DATE, ITEM_01_ID, ITEM_02_ID, ITEM_03_ID, ITEM_04_ID, AMOUNT, PLUS_MINUS, COMMENT, UPDATE_DATE) VALUES('2011-08-24',  2, 3, 2, 2, 240330,  1, '給与', '2013-08-01');
INSERT INTO RECORD_LIST(RECORD_DATE, ITEM_01_ID, ITEM_02_ID, ITEM_03_ID, ITEM_04_ID, AMOUNT, PLUS_MINUS, COMMENT, UPDATE_DATE) VALUES('2011-08-24',  4, 3, 2, 2,  25992, -1, '食費', '2013-08-01');
INSERT INTO RECORD_LIST(RECORD_DATE, ITEM_01_ID, ITEM_02_ID, ITEM_03_ID, ITEM_04_ID, AMOUNT, PLUS_MINUS, COMMENT, UPDATE_DATE) VALUES('2011-08-24',  5, 3, 2, 2,  36713, -1, '生活費', '2013-08-01');
INSERT INTO RECORD_LIST(RECORD_DATE, ITEM_01_ID, ITEM_02_ID, ITEM_03_ID, ITEM_04_ID, AMOUNT, PLUS_MINUS, COMMENT, UPDATE_DATE) VALUES('2011-08-24',  6, 3, 2, 2,   9110, -1, '医療費', '2013-08-01');
INSERT INTO RECORD_LIST(RECORD_DATE, ITEM_01_ID, ITEM_02_ID, ITEM_03_ID, ITEM_04_ID, AMOUNT, PLUS_MINUS, COMMENT, UPDATE_DATE) VALUES('2011-08-24',  7, 3, 2, 2,  35000, -1, '小遣い', '2013-08-01');
INSERT INTO RECORD_LIST(RECORD_DATE, ITEM_01_ID, ITEM_02_ID, ITEM_03_ID, ITEM_04_ID, AMOUNT, PLUS_MINUS, COMMENT, UPDATE_DATE) VALUES('2011-08-24', 12, 3, 3, 2,  50000, -1, '津田結婚式', '2013-08-01');
INSERT INTO RECORD_LIST(RECORD_DATE, ITEM_01_ID, ITEM_02_ID, ITEM_03_ID, ITEM_04_ID, AMOUNT, PLUS_MINUS, COMMENT, UPDATE_DATE) VALUES('2011-08-24', 12, 3, 3, 2,  30000, -1, '宮崎結婚式', '2013-08-01');

-- 2011-09 みほ
INSERT INTO RECORD_LIST(RECORD_DATE, ITEM_01_ID, ITEM_02_ID, ITEM_03_ID, ITEM_04_ID, AMOUNT, PLUS_MINUS, COMMENT, UPDATE_DATE) VALUES('2011-09-24',  4, 3, 2, 2,  34800, -1, '食費', '2013-08-01');
INSERT INTO RECORD_LIST(RECORD_DATE, ITEM_01_ID, ITEM_02_ID, ITEM_03_ID, ITEM_04_ID, AMOUNT, PLUS_MINUS, COMMENT, UPDATE_DATE) VALUES('2011-09-24',  5, 3, 2, 2,  31914, -1, '生活費', '2013-08-01');
INSERT INTO RECORD_LIST(RECORD_DATE, ITEM_01_ID, ITEM_02_ID, ITEM_03_ID, ITEM_04_ID, AMOUNT, PLUS_MINUS, COMMENT, UPDATE_DATE) VALUES('2011-09-24',  6, 3, 2, 2,  18180, -1, '医療費', '2013-08-01');
INSERT INTO RECORD_LIST(RECORD_DATE, ITEM_01_ID, ITEM_02_ID, ITEM_03_ID, ITEM_04_ID, AMOUNT, PLUS_MINUS, COMMENT, UPDATE_DATE) VALUES('2011-09-24',  7, 3, 2, 2,  35000, -1, '小遣い', '2013-08-01');
INSERT INTO RECORD_LIST(RECORD_DATE, ITEM_01_ID, ITEM_02_ID, ITEM_03_ID, ITEM_04_ID, AMOUNT, PLUS_MINUS, COMMENT, UPDATE_DATE) VALUES('2011-09-24', 11, 3, 2, 2,  31200, -1, 'パイプラック', '2013-08-01');
INSERT INTO RECORD_LIST(RECORD_DATE, ITEM_01_ID, ITEM_02_ID, ITEM_03_ID, ITEM_04_ID, AMOUNT, PLUS_MINUS, COMMENT, UPDATE_DATE) VALUES('2011-09-24', 11, 3, 2, 2,  15360, -1, '山梨', '2013-08-01');
INSERT INTO RECORD_LIST(RECORD_DATE, ITEM_01_ID, ITEM_02_ID, ITEM_03_ID, ITEM_04_ID, AMOUNT, PLUS_MINUS, COMMENT, UPDATE_DATE) VALUES('2011-09-24', 11, 3, 2, 2,   8150, -1, '雑貨', '2013-08-01');
INSERT INTO RECORD_LIST(RECORD_DATE, ITEM_01_ID, ITEM_02_ID, ITEM_03_ID, ITEM_04_ID, AMOUNT, PLUS_MINUS, COMMENT, UPDATE_DATE) VALUES('2011-09-24', 12, 3, 2, 2,  55320, -1, '二次会', '2013-08-01');

-- 2011-10 みほ
INSERT INTO RECORD_LIST(RECORD_DATE, ITEM_01_ID, ITEM_02_ID, ITEM_03_ID, ITEM_04_ID, AMOUNT, PLUS_MINUS, COMMENT, UPDATE_DATE) VALUES('2011-10-24',  4, 3, 2, 2,  27463, -1, '食費', '2013-08-01');
INSERT INTO RECORD_LIST(RECORD_DATE, ITEM_01_ID, ITEM_02_ID, ITEM_03_ID, ITEM_04_ID, AMOUNT, PLUS_MINUS, COMMENT, UPDATE_DATE) VALUES('2011-10-24',  5, 3, 2, 2,  17501, -1, '生活費', '2013-08-01');
INSERT INTO RECORD_LIST(RECORD_DATE, ITEM_01_ID, ITEM_02_ID, ITEM_03_ID, ITEM_04_ID, AMOUNT, PLUS_MINUS, COMMENT, UPDATE_DATE) VALUES('2011-10-24',  6, 3, 2, 2,   4000, -1, '医療費', '2013-08-01');
INSERT INTO RECORD_LIST(RECORD_DATE, ITEM_01_ID, ITEM_02_ID, ITEM_03_ID, ITEM_04_ID, AMOUNT, PLUS_MINUS, COMMENT, UPDATE_DATE) VALUES('2011-10-24',  7, 3, 2, 2,  35000, -1, '小遣い', '2013-08-01');
INSERT INTO RECORD_LIST(RECORD_DATE, ITEM_01_ID, ITEM_02_ID, ITEM_03_ID, ITEM_04_ID, AMOUNT, PLUS_MINUS, COMMENT, UPDATE_DATE) VALUES('2011-10-24', 11, 3, 2, 2,  55355, -1, '冷蔵庫', '2013-08-01');
INSERT INTO RECORD_LIST(RECORD_DATE, ITEM_01_ID, ITEM_02_ID, ITEM_03_ID, ITEM_04_ID, AMOUNT, PLUS_MINUS, COMMENT, UPDATE_DATE) VALUES('2011-10-24', 12, 3, 2, 2,  40000, -1, '二次会', '2013-08-01');

-- 2011-11 みほ
INSERT INTO RECORD_LIST(RECORD_DATE, ITEM_01_ID, ITEM_02_ID, ITEM_03_ID, ITEM_04_ID, AMOUNT, PLUS_MINUS, COMMENT, UPDATE_DATE) VALUES('2011-11-24',  2, 3, 2, 2, 112686,  1, '給与', '2013-08-01');

-- 2011-12 みほ
INSERT INTO RECORD_LIST(RECORD_DATE, ITEM_01_ID, ITEM_02_ID, ITEM_03_ID, ITEM_04_ID, AMOUNT, PLUS_MINUS, COMMENT, UPDATE_DATE) VALUES('2011-12-24',  2, 3, 2, 2, 150248,  1, '給与', '2013-08-01');

-- 2012-01 みほ
INSERT INTO RECORD_LIST(RECORD_DATE, ITEM_01_ID, ITEM_02_ID, ITEM_03_ID, ITEM_04_ID, AMOUNT, PLUS_MINUS, COMMENT, UPDATE_DATE) VALUES('2012-01-24',  2, 3, 2, 2, 220006,  1, '給与', '2013-08-01');

-- 2012-03 みほ
INSERT INTO RECORD_LIST(RECORD_DATE, ITEM_01_ID, ITEM_02_ID, ITEM_03_ID, ITEM_04_ID, AMOUNT, PLUS_MINUS, COMMENT, UPDATE_DATE) VALUES('2012-03-24', 11, 3, 2, 2,   8960, -1, 'ETC', '2013-08-01');
INSERT INTO RECORD_LIST(RECORD_DATE, ITEM_01_ID, ITEM_02_ID, ITEM_03_ID, ITEM_04_ID, AMOUNT, PLUS_MINUS, COMMENT, UPDATE_DATE) VALUES('2012-03-24',  4, 3, 2, 2,  40777, -1, '食費', '2013-08-01');
INSERT INTO RECORD_LIST(RECORD_DATE, ITEM_01_ID, ITEM_02_ID, ITEM_03_ID, ITEM_04_ID, AMOUNT, PLUS_MINUS, COMMENT, UPDATE_DATE) VALUES('2012-03-24',  5, 3, 2, 2,  24309, -1, '生活費', '2013-08-01');
INSERT INTO RECORD_LIST(RECORD_DATE, ITEM_01_ID, ITEM_02_ID, ITEM_03_ID, ITEM_04_ID, AMOUNT, PLUS_MINUS, COMMENT, UPDATE_DATE) VALUES('2012-03-24',  6, 3, 2, 2,   8400, -1, '医療費', '2013-08-01');
INSERT INTO RECORD_LIST(RECORD_DATE, ITEM_01_ID, ITEM_02_ID, ITEM_03_ID, ITEM_04_ID, AMOUNT, PLUS_MINUS, COMMENT, UPDATE_DATE) VALUES('2012-03-24',  7, 3, 2, 2,  35000, -1, '小遣い', '2013-08-01');
INSERT INTO RECORD_LIST(RECORD_DATE, ITEM_01_ID, ITEM_02_ID, ITEM_03_ID, ITEM_04_ID, AMOUNT, PLUS_MINUS, COMMENT, UPDATE_DATE) VALUES('2012-03-24', 12, 3, 2, 2,  14500, -1, 'ひな祭り', '2013-08-01');
INSERT INTO RECORD_LIST(RECORD_DATE, ITEM_01_ID, ITEM_02_ID, ITEM_03_ID, ITEM_04_ID, AMOUNT, PLUS_MINUS, COMMENT, UPDATE_DATE) VALUES('2012-03-24', 13, 3, 2, 2,  20000, -1, 'ひな祭り祝い', '2013-08-01');

-- 2012-05 みほ	
INSERT INTO RECORD_LIST(RECORD_DATE, ITEM_01_ID, ITEM_02_ID, ITEM_03_ID, ITEM_04_ID, AMOUNT, PLUS_MINUS, COMMENT, UPDATE_DATE) VALUES('2012-05-24',  4, 3, 2, 2,  36427, -1, '食費', '2013-08-01');
INSERT INTO RECORD_LIST(RECORD_DATE, ITEM_01_ID, ITEM_02_ID, ITEM_03_ID, ITEM_04_ID, AMOUNT, PLUS_MINUS, COMMENT, UPDATE_DATE) VALUES('2012-05-24',  5, 3, 2, 2,  26528, -1, '生活費', '2013-08-01');
INSERT INTO RECORD_LIST(RECORD_DATE, ITEM_01_ID, ITEM_02_ID, ITEM_03_ID, ITEM_04_ID, AMOUNT, PLUS_MINUS, COMMENT, UPDATE_DATE) VALUES('2012-05-24',  6, 3, 2, 2,  29190, -1, '産婦人科', '2013-08-01');
INSERT INTO RECORD_LIST(RECORD_DATE, ITEM_01_ID, ITEM_02_ID, ITEM_03_ID, ITEM_04_ID, AMOUNT, PLUS_MINUS, COMMENT, UPDATE_DATE) VALUES('2012-05-24',  7, 3, 2, 2,  35000, -1, '小遣い', '2013-08-01');
INSERT INTO RECORD_LIST(RECORD_DATE, ITEM_01_ID, ITEM_02_ID, ITEM_03_ID, ITEM_04_ID, AMOUNT, PLUS_MINUS, COMMENT, UPDATE_DATE) VALUES('2012-05-24', 12, 3, 2, 2,  46500, -1, '保育園', '2013-08-01');
INSERT INTO RECORD_LIST(RECORD_DATE, ITEM_01_ID, ITEM_02_ID, ITEM_03_ID, ITEM_04_ID, AMOUNT, PLUS_MINUS, COMMENT, UPDATE_DATE) VALUES('2012-05-24', 12, 3, 2, 2,  30000, -1, 'ご祝儀', '2013-08-01');

-- 2012-06 みほ	
INSERT INTO RECORD_LIST(RECORD_DATE, ITEM_01_ID, ITEM_02_ID, ITEM_03_ID, ITEM_04_ID, AMOUNT, PLUS_MINUS, COMMENT, UPDATE_DATE) VALUES('2012-06-24',  2, 3, 2, 2,   4104,  1, '給与', '2013-08-01');
INSERT INTO RECORD_LIST(RECORD_DATE, ITEM_01_ID, ITEM_02_ID, ITEM_03_ID, ITEM_04_ID, AMOUNT, PLUS_MINUS, COMMENT, UPDATE_DATE) VALUES('2012-06-24',  4, 3, 2, 2,  41898, -1, '食費', '2013-08-01');
INSERT INTO RECORD_LIST(RECORD_DATE, ITEM_01_ID, ITEM_02_ID, ITEM_03_ID, ITEM_04_ID, AMOUNT, PLUS_MINUS, COMMENT, UPDATE_DATE) VALUES('2012-06-24',  5, 3, 2, 2,  26325, -1, '生活費', '2013-08-01');
INSERT INTO RECORD_LIST(RECORD_DATE, ITEM_01_ID, ITEM_02_ID, ITEM_03_ID, ITEM_04_ID, AMOUNT, PLUS_MINUS, COMMENT, UPDATE_DATE) VALUES('2012-06-24',  6, 3, 2, 2,   9520, -1, '医療費', '2013-08-01');
INSERT INTO RECORD_LIST(RECORD_DATE, ITEM_01_ID, ITEM_02_ID, ITEM_03_ID, ITEM_04_ID, AMOUNT, PLUS_MINUS, COMMENT, UPDATE_DATE) VALUES('2012-06-24',  7, 3, 2, 2,  35000, -1, '小遣い', '2013-08-01');
INSERT INTO RECORD_LIST(RECORD_DATE, ITEM_01_ID, ITEM_02_ID, ITEM_03_ID, ITEM_04_ID, AMOUNT, PLUS_MINUS, COMMENT, UPDATE_DATE) VALUES('2012-06-24', 11, 3, 2, 2,  11900, -1, 'ETC', '2013-08-01');
INSERT INTO RECORD_LIST(RECORD_DATE, ITEM_01_ID, ITEM_02_ID, ITEM_03_ID, ITEM_04_ID, AMOUNT, PLUS_MINUS, COMMENT, UPDATE_DATE) VALUES('2012-06-24', 12, 3, 2, 2,  46500, -1, '保育園', '2013-08-01');
